<?xml version="1.0" encoding="UTF-8"?>
<!DOCTYPE configuremap [
  <!ELEMENT configuremap (configure)+>
  <!ATTLIST configuremap xmlns CDATA #FIXED ''>
  <!ELEMENT configure EMPTY>
  <!ATTLIST configure xmlns CDATA #FIXED '' name NMTOKEN #REQUIRED
    value CDATA #REQUIRED>
]>
<!--
  ImageMagick build configuration.
-->
<configuremap>
  <configure name="CC" value="gcc"/>
  <configure name="CFLAGS" value="-I/var/task/build/cache/include   -I/var/task/build/cache/include/libpng16   -I/var/task/build/cache/include/openjpeg-2.3       -g -O2 -Wall -mtune=broadwell -fexceptions -pthread -DMAGICKCORE_HDRI_ENABLE=1 -DMAGICKCORE_QUANTUM_DEPTH=16"/>
  <configure name="CODER_PATH" value="/opt/lib/ImageMagick-7.0.8/modules-Q16HDRI/coders"/>
  <configure name="CONFIGURE_PATH" value="/opt/etc/ImageMagick-7/"/>
  <configure name="CONFIGURE" value="./configure  'CPPFLAGS=-I/var/task/build/cache/include' 'LDFLAGS=-L/var/task/build/cache/lib' '--disable-dependency-tracking' '--disable-shared' '--enable-static' '--prefix=/opt/' '--enable-delegate-build' '--without-modules' '--disable-docs' '--without-magick-plus-plus' '--without-perl' '--without-x' '--disable-openmp' 'PKG_CONFIG_PATH=/var/task/build/cache/lib/pkgconfig'"/>
  <configure name="COPYRIGHT" value="Copyright (C) 1999-2019 ImageMagick Studio LLC"/>
  <configure name="CPPFLAGS" value="-I/opt/include/ImageMagick-7"/>
  <configure name="CXXFLAGS" value="-g -O2 -pthread"/>
  <configure name="CXX" value="g++"/>
  <configure name="DEFS" value="-DHAVE_CONFIG_H"/>
  <configure name="DELEGATES" value="bzlib mpeg jng jpeg openjp2 png tiff webp zlib"/>
  <configure name="DISTCHECK_CONFIG_FLAGS" value="'CPPFLAGS=-I/var/task/build/cache/include' 'LDFLAGS=-L/var/task/build/cache/lib'  --disable-deprecated  --with-quantum-depth=16  --with-jemalloc=no  --with-umem=no  --with-autotrace=no  --with-gslib=no  --with-fontpath=  --with-rsvg=no  --with-perl=no "/>
  <configure name="DOCUMENTATION_PATH" value="/opt/share/doc/ImageMagick-7"/>
  <configure name="EXEC-PREFIX" value="/opt"/>
  <configure name="EXECUTABLE_PATH" value="/opt/bin"/>
  <configure name="FEATURES" value="DPC HDRI Cipher"/>
  <configure name="FILTER_PATH" value="/opt/lib/ImageMagick-7.0.8/modules-Q16HDRI/filters"/>
  <configure name="GIT_REVISION" value="15608:eea7cf511:20190505" />
  <configure name="HOST" value="x86_64-pc-linux-gnu"/>
  <configure name="INCLUDE_PATH" value="/opt/include/ImageMagick-7"/>
  <configure name="LDFLAGS" value="-L/opt/lib -L/var/task/build/cache/lib"/>
  <configure name="LIBRARY_PATH" value="/opt/lib/ImageMagick-7.0.8"/>
  <configure name="LIBS" value="   -ltiff   -ljpeg   -L/var/task/build/cache/lib -lpng16 -lz           -L/var/task/build/cache/lib -lwebp          -lbz2  -L/var/task/build/cache/lib -lopenjp2        -lz       -lm     "/>
  <configure name="LIB_VERSION_NUMBER" value="7,0,8,45"/>
  <configure name="LIB_VERSION" value="0x708"/>
  <configure name="NAME" value="ImageMagick"/>
  <configure name="PCFLAGS" value="-DMAGICKCORE_HDRI_ENABLE=1 -DMAGICKCORE_QUANTUM_DEPTH=16"/>
  <configure name="PREFIX" value="/opt"/>
  <configure name="QuantumDepth" value="16"/>
  <configure name="RELEASE_DATE" value="2019-10-20"/>
  <configure name="SHAREARCH_PATH" value="/opt/lib/ImageMagick-7.0.8/config-Q16HDRI"/>
  <configure name="SHARE_PATH" value="/opt/share/ImageMagick-7"/>
  <configure name="TARGET_CPU" value="x86_64"/>
  <configure name="TARGET_OS" value="linux-gnu"/>
  <configure name="TARGET_VENDOR" value="pc"/>
  <configure name="VERSION" value="7.0.8"/>
  <configure name="WEBSITE" value="https://imagemagick.org"/>
</configuremap>
